3PVexkwJHvnVJoDGfoj4pd4RWmBBDnXYHLYrh7fDEsrc,
AmHProEB16XXpJeKsWPfLiRUnUgoMHVywGJcLEBXwfwT,
5CBkaQqXNncW8XsF8gbkPqp9bbLNY6UsVocuAUvnQmrg,
BU12DTQXyV9PW5pFefoiEu5EA3xQby8MKjp84NZU7iS1,
FgSAwxiYdQtZ87CZDDUpLv5gjzmAKcn6HbiAfHbMbGxt,
FPsxrzBjxV8rGjmjvR4DTFtsngXoWnY6ZCXsbNwpnGBB,
AhyQot8qUj3EwJynPdBR3AwwFcZqPP785ZVpiennuRTn,
2YMuP6Di7f1fEEEHtAqtesCbZERJQCE6A79xr1gqHG6i,
4sfqia5xKqtPJLEkxweLskgBTxXSGXmGEHfzZvKxYcR5,
HZxXdw6eMhJkuTVT8gM9a79FjtfF8LLpVSAAKMw8aK92,
3Bi1eRP5XQJumZHx5aBJcABM21LfBRMcJFqZzKz5nKLP,
Bxs6CtDsTruTxqCNAiaAcGbaoM9MSeVLDfUf3SAHruoQ,
9JoYisSkPdQWfX3qFN5hUoyYv53gHMTkfw9MWCqEhTQX,
E3LBdnyNV3VyNTYXxBwxvSKwqwH9SYfCMssJ59SAKrLa,
aaaPmaWp3j65Spxc8f7GmZZzXmwZDwenoWfyXrYSA8R,