EWU92px4CFoqEcKGaxNorumrVLPxQUqb4s553wV6dXVX,
634EWZzJaHTr7uCtB2eVwQFDG7H4anPzciKfasPDnUVe,
3sCA31PUZZfRCiijdwhEEc5Hgd6euMVXmWgpeicrCJKN,
9KMefdB7fpcUUR1opaTKoBNCw6YHxYRqrELLPsMvvoTe,
6g8qkQY27SsrtunD3wm2yADfet9AnnkVQkBC1MVHn8Y6,
8N8mpVK3BGuPQyf6t8MNv1mPp1Xsewzf1wfUmGoAzThq,
CU3MJLRUvSZWCk228zYTDoQodTWoNir7E8nPWmKkSkGE,
CwUU9CiQbWmMomwLVbQCTS1SuvPxgTDwp6mXjuDV6Ddz,
DKfeZ5rQFrr6tPHyfHnQL9TELubsWKmcLjrT3WtAR6S2,
4rZi2DqzQismKRd2F341aHi7hxHqySENBHLdGf7jV6QA,
3Dvf1KwgRwtyy9dSmivD6Atb6c7ELNm58Htbf7AUtpnd,
J5d3MEPgR8J73HTrEYhTfK5uu1cYr9bFhUwRq4Fp94qf,
AuCGhE47vGMAveVeUmbGLjDcum37Mt6YMEu8r4RgM1V5,
FoHgJbRATiZ7TczAVPxHuajf4a6qRKrLQuftfDB76EWu,
AePY3wEoUFcFuXeUU9X26YK6tNKQMZovBgvY54LK2B8N,
74Qb7THKTrdUSU11F1J92PVW8Qiti3pbXrjytNwrCdbJ,
EE4SythDzuuP8svzcSpUxcT745CmggnMQtwzSdZtVk2L,
9biiZmzPAzHfB6CCLF2DkQsBFvmC7tewqMkvwEH7T4o7,
61Qhk2qqtBee3SeCyxCQvExbYmKKPtL5NWT1tKw22ZUD,
EVMnHomDKchQboxWaBLK3ApQZGFZywjafLzP2PBDkUEA,
D5wETWzqD6xvFGocCJ3qunsJc3iunveVmecGmZ5PgJga,
FYVV8EWbDV4kc5dyzos9rswCL4XiLDymSrCsFGhGZNtB,
pB6sjL2WCbbU654j7pqYbY3hoiMYMYCaa7qnD5qeJ2E,
CVEWdb6GhHUHujSeZQvNtgZfoPXQr8QUfiRrVZvmZJPn,
CvHo7XJT4WEbRQYyFK2XWVbNWRzoc2QeTFxRReinnq9w,
GZd7JShv54s8gFhqLK5tRH6j9kXttWqiX6a43aUBfoSV,
2ivZ6DhTZGiNm3dkjoCafnXkqpwWAyRzgTgeLAFU388P,
GUf59BAm8ov4w2ggryPo3vEuvdsay3KHBpqp1afg8SJm,
47gsGRX9Z4DcxqNPm7aJRom93fViAjkwPWouz3LknPy7,
DRHtHhyKLz9p2hUJQtDjS4vNiQzwk59xYY17uDpEhtb7,
8PbesMetYpwpNSDLyeTL1mQUFRC66wCMuyU2mpUdjdkV,
9TfsFAUz92g62abvcTVXDWtehFWFqFxXz6otGuf9a8N3,
Avh8b4poCLm3DXrfSxwDWAGi3bLzRnuiJ6okYnpU4cR4,
FFCYBK6WTpirFvttnPs8jmciPoUBgrBWMYEo8et51Rpd,
3UXepuvEw4feFUAXpXNzNK9m1NS1VzHa1yUqjL4bGyr7,
9VoQEZ57bz9eNk5U7SeKBrwCLA9b95SHRoBvHe3fs3MB,
DkiFzY8mXnbxrWvQiBmWm5MXs5X2ymttw3Sb1W1mYqsF,
ATWcVdEqwaVajBqAdyp8dH7y1TSmGEQmXtNdQD7fs5JR,
rH3oueqjS1HqLVmLRmRScyuCX6y8GbeuEqMyGHuFFJh,
Xbeix6GJLzV5XtBNMCkLgeicpczUbjRmhYucMWHJs5C,
BU12DTQXyV9PW5pFefoiEu5EA3xQby8MKjp84NZU7iS1,
fPUdFBFkjKYcuSRKKGCE5SzuSXYDQj8XZXmiN8yW7H7,
FyBPMdYYobNSBLJtJAycxt1TX7Z58L3iL4cPWovDS8vh,
4nzfyJXfrrMHGZwhMTaUaHVxjT66QBUR3A6FosoBP4Ka,
FiDDNAKwh36w7c9E3rHQQSkfM5dug29cfdUdgYeaSzSP,
A9TucYegNJzB2avFMZfVsisNuE5KdcNDK5sCdu7HQDYQ,
3PBTvfmrjgUFzggjbGPogSf5N5Mivr3Z23FMaFvrNRf7,
Ah5rVdjJZ8aNLNQ1HgCXfJ3cVULoTfZF6x79ZDHqiSAX,
nWmDk3k11qhUWg6nBsMyGGmKSDgfdEzUbx3aPTGkMnX,
FC1eRr99GGJZuc4KZeUivBpbSMGvjcBB839KaEfAuhcq,
GDPEVdRyeYQ1PiZEAaGxPWEahTN2W8UwXJdbtHDJQHwG,
3VdyDvvvun5p4ZVj6AEBsMPFeRpusyKgJJe1PpM5pNc4,
2nzhryKn7nWT34poF3AEaxwFEBiccCx1QMRLTJWGeGwL,
BzE7THXaYQNbywwk1zhEeUfhxZ3iVc2fvU7wkD6mRdRc,
2QpgzksbHDGWziULzTzdEyKhU3MrmwUTV7SVV4XEpG67,
GWSVNBTnaFkLWSaZ8JPeZPGg6tubnyH1ZD5MeWiVHT7X,
8fQURszhR56QFov3poR4U9NZRi5tZApDk87fZkeHdgxU,
DCx7nrLTwrJzsfMpVMff3raTi443kVFBCJakkEJSwHMx,
FFoCtKu374GmmEkCY5p48NF2ytgUvGc6fJGr7UbgCT96,
HJX6gtEfFAf9wYYL7PLdhvy8ii6oyuzQKCwAyWYWv3WX,
A1Pz6qfNGXpwBZTNjnLTeRbCAT2ZTTaYPCZNX2cGVcKk,
GFYbocQM3nuZadY8igQRF4iVdPLjhf2wTFxiopEPh71w,
EQxU1WXDSts29LwLVg1wNXjYXZY3xDGXUsz1fdZEaTf5,
C5q4gWSsMzYiqcBKRvGENopFxhK8SdD877rsBZD3UdUb,
AehpcDjCwj4WRjqaP4fem6GwYd7K96ALzk8ceuyAjE7E,
kccN8sMjziX4EWwfeLzxGiGHyGFLdcimUAy7k8vi5sy,
DE3swkTf9q36fDg19sVtg1dLRUm4MsKfRc1LrhWLLfba,
51kgfCKxwJ9FmR4KRDmP1nD6toFCkQWbnmHT2xrXA9LH,
DRvVMDmdvJVNbcTLgehsMd8WY1ZdRTmvHyT3ZB3JaWrv,
KAAN1Et3Y2r7zA82gMZYoQF5weVBekYe6fbEy6rTZiM,
HHDt8e4CgnujbAcnG5USS5P1dfcr3ZUc2rB1KyBrW8TF,
BqwQRpJkQSabqr1A9kU7dTVme7eg8wkquAkWT3oAtzXq,
8A9getPn3Zy2UjUEGKqeQ8UojNJ14euHrBb4JqXZ5Gc8,
4F8g6pCBAo3KWEBai8EZbrQ8bVcYG3kxRrAGsDCTDWFL,
AQcH8NeD4KnqD98qcmh6jSW1X7i9aaiYHLFTihrKXz33,
4Sseww8Rqsq339XteANUzeo5KF8SdHesrpubhfPTsRh3,
A4zJGA5enYes3xjmz6h4mFe2Joojwn2ybf6v2ZKUSTAX,
2hqehDK2vnkoriw64uWRrurgGWZVoZh4eH4EWWu6TdUQ,
Zombi2cQ7eaPCGimLnPjE5Bmk25GSdoBwvr6Y52hdQk,
5giBDhJu9DV7e5j69g8wrkj82YsfZQftwbSW6WCZFSpN,
3RD86esicp3izC7yZr5eaiu1nBrCi2CNhxLda4nBNGea,
EGc392dkbKNixa65FmenVQEtBVAdHz5mTmnZ9Wm7nLCv,
FrCCjb9WT8aCHkBtkFRYNfxiMX7mRRPwUMCQWjY3Gkgv,
7gNqT28vU3rhZpcLZpZHkoVs1HyVGuTck2xDUxRWYggq,
Drm4EJNJSmv3X94wdo7UL19k72SjnKS6JH6vRrd4x3am,
EdqE4ehuQDZnQ2Vf73ykqiwQrKnN6sqCTAv4oLMu5PCn,
F3M1s3UtPCxbA7dSdVMfyvcBEBPp7fum8gbyBuWEZWar,
7i3LHKNhqqFjYdoh2NpjzhfTouAWXLerUMhxGPcRxvf7,
5k9AsV1Nc93LVPHZqm988HRMyKF4ygLispWFpksPErqx,
kQMU2Bu7be4veoX7dZkNMK6NW9ns2m6njdLeKMV2Nm1,
BEkGjDd5pM5hgZGmWBKUZAhPGNvgAXSfKCfY8WXcLCSD,
8eYwBsEBznSKyPhzjcTtvTdQFGbvtpEBHx9CWpvPk2Uc,
5Goe3S3PqbSExBdvZ2TKQjHM2DMVMqy1uC27CaAK5u5n,
2DPkofpu4MzHrjtHGyZd2gbgUtFt1zv8oqusSfzU3kSS,
7GGPv6N83WZxVvEYu3yD6iz8cqxx7TuxX8AZ8hwUaKa9,
ruTS8RHH2gMjvE6vCAJEezpsmgsZCWrMRQo4iJQdLEy,
5MxaxV3CzVGzHZGw4jUJagpoTSraG2HmGtp7Vry6aCX6,
GS6nunY1zGX5FgkzZaj3GRReAW69g3m3s653xQSrkrwU,
3bdY6J6Xk8hmriRq5BrPNcQ7ZJgD5hjixuH3k8wXCJVW,
44CtTUbCWoKRevq4PgkXx3aT934xX91ELFP6fpLeZaax,
2C1w577cu6yWoT24xdmBiBHopK7XNf1aekAVLCgy2ARZ,
4yBnh4TxrmSitVrS9knafeZuasqZ5rbagtV7yYLrjrNH,
GiVcsC4rs4axB1N7uy3Q8JpfTve72sy7RttHb7zwLHz5,
CBriwZNgew1ZYLggRFyG1DypHgxL46aUQhyMvcKfqUet,
5hKwNXagZJWJ5CxxFj9srFNauY8kDLBNVXXsNos5ZwGh,
CmkWNXt5h6CcrNJ6Abm2qvSDSiKbHPTeD3LBYKxxHb9F,
CjeYtjPg9U2FEHSpimweV4ZnPWeYmhJhRuzp2ct6FJNJ,
2QNiBV1Bnj8iFmMoSJ6GbyPauz8Cyfb3pAxULWeGDQ1H,
5HoE7e9cpaMj999jh7QgmcHz2YSh6B6WXttFsmYGpBfA,
8Z5XYXbVAp4VAzCDu1KU5e53FYeKpb2Wyc3D3bdiE1wL,
7DhUR2sgQCtCGYZw1RWvzKPJCDu2Qp2N9nkiGZZUMCfN,
cccR8SYEC6rZ7YmDR5GEbGWkWkqoTE8VA83JyusafFc,